Model,RMSE Mean,RMSE Std,Baseline RMSE,Improvement (Raw),Std Devs above Baseline,Best Params
Ridge (Linear),3999.241963802764,3049.317098494869,15825.217721813638,11825.975758010874,3.8782374466230918,{'model__alpha': 10.0}
Lasso (Linear),4138.64829333332,2936.253248831033,15825.217721813638,11686.569428480318,3.98009586984124,{'model__alpha': 100.0}
XGBoost (Non-linear),4712.747600523455,3826.9833492302178,15825.217721813638,11112.470121290184,2.9037153045166533,"{'model__learning_rate': 0.1, 'model__max_depth': 3, 'model__n_estimators': 100}"
RandomForest (Non-linear),4808.602056146506,4508.736290670478,15825.217721813638,11016.615665667134,2.4433932160687295,"{'model__max_depth': 20, 'model__n_estimators': 100}"
